product_id,t_name,t_desc,r_shop,price_type,price,product_content,mail_content,subscription,bundle,ui_pos,ui_scale,icon,max_buy_count,max_buy_term,badge,lock,max_buy_bundle_count
10001,"골드 30,000개",blank,골드,cash,30,gold;30000,,,1,"0,46",,res/ui/icons/item/shop_gold_01.png,,,,,
10002,"골드 150,000개",blank,골드,cash,150,gold;150000,,,1,"0,46",,res/ui/icons/item/shop_gold_02.png,,,,,
10003,"골드 300,000개",blank,골드,cash,300,gold;300000,,,1,"0,46",,res/ui/icons/item/shop_gold_03.png,,,,,
10004,"골드 600,000개",blank,골드,cash,600,gold;600000,,,1,"0,46",,res/ui/icons/item/shop_gold_04.png,,,,,
10005,"골드 1,200,000개",blank,골드,cash,1200,gold;1200000,,,1,"0,46",,res/ui/icons/item/shop_gold_05.png,,,,,
10006,"골드 5,000,000개",blank,골드,cash,4950,gold;5000000,,,1,"0,46",,res/ui/icons/item/shop_gold_06.png,,,,,
10007,날개 80개,blank,소모품,cash,200,staminas_st;80,,,1,"0,46",,res/ui/icons/item/shop_staminas_st_01.png,,,,,
10008,날개 320개,blank,소모품,cash,800,staminas_st;320,,,1,"0,46",,res/ui/icons/item/shop_staminas_st_03.png,,,,,
10009,날개 1300개,blank,소모품,cash,3200,staminas_st;1300,,,1,"0,46",,res/ui/icons/item/shop_staminas_st_05.png,,,,,
10010,닉네임 변경권,blank,소모품,cash,1500,,700301;1,,,"0,46",,res/ui/icons/item/rename.png,,,,,
10011,날개 2800개,blank,소모품,cash,5000,staminas_st;2800,,,1,"0,46",,res/ui/icons/item/shop_staminas_st_06.png,,,,,
10012,날개 50개,blank,소모품,cash,40,staminas_st;50,,,1,"0,46",,res/ui/icons/item/shop_staminas_st_01.png,,,,,
10013,날개 180개,blank,소모품,cash,120,staminas_st;180,,,1,"0,46",,res/ui/icons/item/shop_staminas_st_03.png,,,,,
10014,"골드 30,000 + 15,000개",blank,골드,cash,30,gold;45000,,,,"0,46",,res/ui/icons/item/shop_gold_01.png,3,permanent,bonus_50,,
10015,"골드 150,000 + 75,000개",blank,골드,cash,150,gold;225000,,,,"0,46",,res/ui/icons/item/shop_gold_02.png,3,permanent,bonus_50,,
10016,"골드 300,000 + 150,000개",blank,골드,cash,300,gold;450000,,,,"0,46",,res/ui/icons/item/shop_gold_03.png,3,permanent,bonus_50,,
10017,"골드 600,000 + 300,000개",blank,골드,cash,600,gold;900000,,,,"0,46",,res/ui/icons/item/shop_gold_04.png,3,permanent,bonus_50,,
10018,"골드 1,200,000 + 600,000개",blank,골드,cash,1200,gold;1800000,,,,"0,46",,res/ui/icons/item/shop_gold_05.png,3,permanent,bonus_50,,
10019,"골드 5,000,000 + 2,500,000개",blank,골드,cash,4950,gold;7500000,,,,"0,46",,res/ui/icons/item/shop_gold_06.png,3,permanent,bonus_50,,
210020,망각의 서,특성 스킬 초기화에 사용,소모품,gold,20000,700015;1,,,1,,,,,,,,
210021,아모르의 서 10개,blank,소모품,cash,400,700014;10,,,1,,,,50,monthly,,,
210022,룬 연마석 10개,blank,소모품,cash,300,704900;10,,,1,,,,30,monthly,,,
210023,신화 스킬 슬라임,신화 드래곤의 스킬 레벨업에 사용,소모품,memory_myth,3,779265;1,,,,"0,46",,,,,,,
210024,던전 토벌석 1개,blank,소모품,cash,50,700110;1,,,1,"0,46",,res/ui/icons/item/subjugation_ticket.png,,,,,
219001,에피트(불),blank,소모품,event_token,160,771813;1,,,1,,,,,,period,,
219002,드래곤 소환권 10개,blank,소모품,event_token,10,700330;10,,,1,,,,,,period,,
219003,전설 특성 재료 1개,blank,소모품,event_token,1600,741041;1,,,1,,,,,,period,,
219004,룬 연마석 10개,blank,소모품,event_token,50,704900;10,,,1,,,,2,daily,period,,
219008,"골드 10,000개",blank,소모품,event_token,1,700002;10000,,,1,,,,,,period,,
219012,돌림판 티켓,blank,소모품,cash,3000,700811;1,,,1,"0,46",,res/ui/icons/item/roulette_ticket.png,10,daily,sale,,
219013,돌림판 티켓,blank,소모품,cash,3300,700811;1,,,1,"0,46",,res/ui/icons/item/roulette_ticket.png,60,permanent,period,,
219014,복주머니,blank,소모품,cash,3000,700801;1,,,1,"0,46",,res/ui/icons/item/lucky_bag.png,10,daily,sale,,
219015,복주머니,blank,소모품,cash,3300,700801;1,,,1,"0,46",,res/ui/icons/item/lucky_bag.png,60,permanent,period,,
219016,절대적인 전설의 알,blank,소모품,event_token,8000,703025;1,,,,,,,2,permanent,period,,
219017,탈릿사,blank,소모품,event_token,8000,771643;1,,,,,,,2,permanent,period,,
219018,전설 특성 재료,blank,소모품,event_token,2000,741041;1,,,1,,,,10,permanent,period,,
219019,전설 강화 포인트,blank,소모품,event_token,400,760005;40,,,1,,,,24,permanent,period,,
219020,전설 스킬 슬라임,blank,소모품,event_token,200,779255;1,,,1,,,,12,permanent,period,,
219021,드래곤 소환권 10개,blank,소모품,event_token,150,700330;10,,,1,,,,50,permanent,period,,
219022,"골드 100,000개",blank,소모품,event_token,6,700002;100000,,,1,,,,500,permanent,period,,
219023,찬란한 날개,blank,소모품,event_token,4,700711;1,,,1,,,,1000,permanent,period,,
219024,돌림판 티켓,blank,소모품,cash,3300,700811;1,,,1,"0,46",,res/ui/icons/item/roulette_ticket.png,60,permanent,period,,
219025,복주머니,blank,소모품,cash,3300,700801;1,,,1,"0,46",,res/ui/icons/item/lucky_bag.png,60,permanent,period,,
219026,절대적인 전설의 알,blank,소모품,event_token,8000,703025;1,,,,,,,2,permanent,period,,
219027,데스락,blank,소모품,event_token,8000,771752;1,,,,,,,1,permanent,period,,
219028,전설 특성 재료,blank,소모품,event_token,2000,741041;1,,,1,,,,10,permanent,period,,
219029,전설 강화 포인트,blank,소모품,event_token,400,760005;40,,,1,,,,24,permanent,period,,
219030,전설 스킬 슬라임,blank,소모품,event_token,200,779255;1,,,1,,,,12,permanent,period,,
219031,드래곤 소환권 10개,blank,소모품,event_token,150,700330;10,,,1,,,,50,permanent,period,,
219032,"골드 100,000개",blank,소모품,event_token,6,700002;100000,,,1,,,,500,permanent,period,,
219033,찬란한 날개,blank,소모품,event_token,4,700711;1,,,1,,,,1000,permanent,period,,
219034,인스트리아,blank,소모품,event_token,8000,771854;1,,,,,,,1,permanent,period,,
219035,강렬 1번 사탕,blank,소모품,event_token,1500,755616;1,,,,,,,1,permanent,period,,
219036,기회 2번 사탕,blank,소모품,event_token,1500,755226;1,,,,,,,1,permanent,period,,
219037,강렬 3번 사탕,blank,소모품,event_token,1500,755636;1,,,,,,,1,permanent,period,,
219038,강렬 4번 사탕,blank,소모품,event_token,1500,755646;1,,,,,,,1,permanent,period,,
219039,기회 5번 사탕,blank,소모품,event_token,1500,755256;1,,,,,,,1,permanent,period,,
219040,강렬 6번 사탕,blank,소모품,event_token,1500,755666;1,,,,,,,1,permanent,period,,
219041,돌림판 티켓,blank,소모품,cash,3300,700811;1,,,1,"0,46",,res/ui/icons/item/roulette_ticket.png,60,permanent,period,,
219042,복주머니,blank,소모품,cash,3300,700801;1,,,1,"0,46",,res/ui/icons/item/lucky_bag.png,60,permanent,period,,
219043,인기 신화 드래곤 소환권,blank,소모품,cash,3000,700832;1,,,1,"0,46",,res/ui/icons/item/event_popularity_ticket.png,10,daily,sale,,
219044,인기 신화 드래곤 소환권,blank,소모품,cash,3500,700832;1,,,1,"0,46",,res/ui/icons/item/event_popularity_ticket.png,,permanent,period,,
219045,절대적인 전설의 알,blank,소모품,event_token,4000,703025;1,,,,,,,2,permanent,period,,
219046,라루스,blank,소모품,event_token,8000,771882;1,,,,,,,1,permanent,period,,
219047,전설 특성 재료,blank,소모품,event_token,2000,741041;1,,,1,,,,10,permanent,period,,
219048,전설 강화 포인트,blank,소모품,event_token,400,760005;40,,,1,,,,24,permanent,period,,
219049,전설 스킬 슬라임,blank,소모품,event_token,200,779255;1,,,1,,,,12,permanent,period,,
219050,드래곤 소환권 10개,blank,소모품,event_token,150,700330;10,,,1,,,,50,permanent,period,,
219051,"골드 100,000개",blank,소모품,event_token,6,700002;100000,,,1,,,,500,permanent,period,,
219052,찬란한 날개,blank,소모품,event_token,4,700711;1,,,1,,,,1000,permanent,period,,
219053,템페렌티나,blank,소모품,event_token,8000,771784;1,,,,,,,1,permanent,period,,
219054,피해 1번 수박,blank,소모품,event_token,1500,751016;1,,,,,,,1,permanent,period,,
219055,피해 2번 수박,blank,소모품,event_token,1500,751026;1,,,,,,,1,permanent,period,,
219056,피해 3번 수박,blank,소모품,event_token,1500,751036;1,,,,,,,1,permanent,period,,
219057,피해 4번 수박,blank,소모품,event_token,1500,751046;1,,,,,,,1,permanent,period,,
219058,피해 5번 수박,blank,소모품,event_token,1500,751056;1,,,,,,,1,permanent,period,,
219059,피해 6번 수박,blank,소모품,event_token,1500,751066;1,,,,,,,1,permanent,period,,
219060,복주머니,blank,소모품,cash,3000,700801;1,,,1,"0,46",,res/ui/icons/item/lucky_bag.png,10,daily,sale,,
219061,복주머니,blank,소모품,cash,3300,700801;1,,,1,"0,46",,res/ui/icons/item/lucky_bag.png,60,permanent,period,,
219062,절대적인 전설의 알,blank,소모품,event_token,4000,703025;1,,,,,,,2,permanent,period,,
219063,카스티타스,blank,소모품,event_token,8000,771792;1,,,,,,,1,permanent,period,,
219064,전설 특성 재료,blank,소모품,event_token,2000,741041;1,,,1,,,,10,permanent,period,,
219065,전설 강화 포인트,blank,소모품,event_token,400,760005;40,,,1,,,,24,permanent,period,,
219066,전설 스킬 슬라임,blank,소모품,event_token,200,779255;1,,,1,,,,12,permanent,period,,
219067,드래곤 소환권 10개,blank,소모품,event_token,150,700330;10,,,1,,,,50,permanent,period,,
219068,"골드 100,000개",blank,소모품,event_token,6,700002;100000,,,1,,,,500,permanent,period,,
219069,찬란한 날개,blank,소모품,event_token,4,700711;1,,,1,,,,1000,permanent,period,,
219070,페티아,blank,소모품,event_token,8000,771833;1,,,,,,,1,permanent,period,,
219071,견고 1번 펌프킨,blank,소모품,event_token,1500,751116;1,,,,,,,1,permanent,period,,
219072,견고 2번 펌프킨,blank,소모품,event_token,1500,751126;1,,,,,,,1,permanent,period,,
219073,견고 3번 펌프킨,blank,소모품,event_token,1500,751136;1,,,,,,,1,permanent,period,,
219074,견고 4번 펌프킨,blank,소모품,event_token,1500,751146;1,,,,,,,1,permanent,period,,
219075,견고 5번 펌프킨,blank,소모품,event_token,1500,751156;1,,,,,,,1,permanent,period,,
219076,견고 6번 펌프킨,blank,소모품,event_token,1500,751166;1,,,,,,,1,permanent,period,,
219077,돌림판 티켓,blank,소모품,cash,3000,700811;1,,,1,"0,46",,res/ui/icons/item/roulette_ticket.png,10,daily,sale,,
219078,돌림판 티켓,blank,소모품,cash,3300,700811;1,,,1,"0,46",,res/ui/icons/item/roulette_ticket.png,60,permanent,period,,
20001,날개 100개,blank,자수정,amethyst,220,staminas_st;100,,,,,,res/ui/icons/item/shop_staminas_st_02.png,,,,,
20002,체력 세트 룬,★4~6 룬 획득,자수정,amethyst,500,rune;704011;1,,,,,,res/ui/icons/rune/set_yellow_06.png,,,,,
20003,기회 세트 룬,★4~6 룬 획득,자수정,amethyst,500,rune;704012;1,,,,,,res/ui/icons/rune/set_purple_06.png,,,,,
20004,적중 세트 룬,★4~6 룬 획득,자수정,amethyst,500,rune;704013;1,,,,,,res/ui/icons/rune/set_green_06.png,,,,,
20005,견고 세트 룬,★4~6 룬 획득,자수정,amethyst,500,rune;704014;1,,,,,,res/ui/icons/rune/set_orange_06.png,,,,,
20006,저항 세트 룬,★4~6 룬 획득,자수정,amethyst,500,rune;704015;1,,,,,,res/ui/icons/rune/set_bluegreen_06.png,,,,,
20007,강렬 세트 룬,★4~6 룬 획득,자수정,amethyst,500,rune;704016;1,,,,,,res/ui/icons/rune/set_red_06.png,,,,,
20008,피해 세트 룬,★4~6 룬 획득,자수정,amethyst,500,rune;704017;1,,,,,,res/ui/icons/rune/set_pink_06.png,,,,,
20009,쾌속 세트 룬,★4~6 룬 획득,자수정,amethyst,500,rune;704018;1,,,,,,res/ui/icons/rune/set_blue_06.png,,,,,
20010,3~4등급 룬,★3~4 룬 1종 획득,자수정,amethyst,130,rune;704003;1,,,,,,res/ui/icons/rune/set_all_04.png,,,,,
20011,날개 600개,blank,자수정,amethyst,710,staminas_st;600,,,,,,res/ui/icons/item/shop_staminas_st_04.png,,,,,
20012,대지의 슬라임 알,★2~5 땅속성 슬라임 부화,자수정,amethyst,210,egg;703020;1,,,1,,,,,,,,
20013,얼음의 슬라임 알,★2~5 물속성 슬라임 부화,자수정,amethyst,210,egg;703021;1,,,1,,,,,,,,
20014,화염의 슬라임 알,★2~5 불속성 슬라임 부화,자수정,amethyst,210,egg;703022;1,,,1,,,,,,,,
20015,신성의 슬라임 알,★2~5 빛속성 슬라임 부화,자수정,amethyst,210,egg;703023;1,,,1,,,,,,,,
20016,암흑의 슬라임 알,★2~5 어둠속성 슬라임 부화,자수정,amethyst,210,egg;703024;1,,,1,,,,,,,,
220017,룬 축복서,선택한 룬 즉시 15강화 가능,자수정,amethyst,500,704903;1,,,1,,,,10,weekly,,,
220018,체력 룬,★6 룬 획득,자수정,amethyst,2500,rune;704091;1,,,1,,,,30,weekly,,,10
220019,기회 룬,★6 룬 획득,자수정,amethyst,2500,rune;704092;1,,,1,,,,30,weekly,,,10
220020,적중 룬,★6 룬 획득,자수정,amethyst,2500,rune;704093;1,,,1,,,,30,weekly,,,10
220021,견고 룬,★6 룬 획득,자수정,amethyst,2500,rune;704094;1,,,1,,,,30,weekly,,,10
220022,저항 룬,★6 룬 획득,자수정,amethyst,2500,rune;704095;1,,,1,,,,30,weekly,,,10
220023,강렬 룬,★6 룬 획득,자수정,amethyst,2500,rune;704096;1,,,1,,,,30,weekly,,,10
220024,피해 룬,★6 룬 획득,자수정,amethyst,2500,rune;704097;1,,,1,,,,30,weekly,,,10
220025,쾌속 룬,★6 룬 획득,자수정,amethyst,2500,rune;704098;1,,,1,,,,30,weekly,,,10
220026,드래곤 먹이,드래곤 레벨업에 사용,자수정,amethyst,250,700016;1,,,1,,,,,,,,
220027,드래곤 경험치,드래곤 레벨업에 사용,자수정,amethyst,250,700017;20000,,,1,,,,,,,,
220028,룬 축복서,선택한 룬 즉시 15강화 가능,자수정,amethyst,3000,704903;1,,,1,,,,,,,,
220029,룬 10개 뽑기 상자,룬 10개가 들어있는 상자,자수정,amethyst,100000,700651;1,,,,,,,1,daily,,,
220030,★4 슈퍼 슬라임,4성 드래곤의 등급 상승 재료로 사용할 수 있는 신비한 슬라임,자수정,amethyst,500,779144;1,,,1,,,,,,,,
220031,★5 슈퍼 슬라임,5성 드래곤의 등급 상승 재료로 사용할 수 있는 신비한 슬라임,자수정,amethyst,2500,779154;1,,,1,,,,,,,,
220032,아모르의 서,blank,자수정,amethyst,500,700014;1,,,1,,,,30,monthly,,,
30001,초월의 알,"★4~5 드래곤 부화
(한정 드래곤 포함)",토파즈,topaz,2,egg;703003;1,,,,"0,64",,,,,,,
30002,빛나는 전설의 알,"★5 드래곤 부화
(한정 드래곤 포함)",토파즈,topaz,30,egg;703001;1,,,,"0,64",,,1,monthly,,,
30003,6등급 룬,★6 룬 1종 획득(세트 무관),토파즈,topaz,50,rune;720016;1,,,,,,res/ui/icons/rune/set_all_06.png,1,monthly,,,
30004,전설 스킬 슬라임,전설 드래곤의 스킬 레벨업에 사용,토파즈,topaz,5,779255;1,,,,"0,80",0.8,,,,,,
30005,아르주나(불),해당 드래곤 획득,토파즈,topaz,90,dragon;770443;1,,,,"0,80",0.8,,1,monthly,,,
30006,카르나(어둠),해당 드래곤 획득,토파즈,topaz,250,dragon;770455;1,,,,"0,80",0.8,,1,monthly,,,
30007,앙그라(불),해당 드래곤 획득,토파즈,topaz,250,dragon;770743;1,,,,"0,80",0.8,res/ui/package/icon_angra_fire.png,1,monthly,,,
30008,전설 드래곤 선택권,"원하는 전설 드래곤 선택 가능
(한정 드래곤 제외)",토파즈,topaz,150,,700304;1,,,"0,64",,res/ui/icons/item/ticket_legend_choice.png,1,monthly,,,
30009,캡슐코인,캡슐뽑기에 사용되는 캡슐코인 획득,토파즈,topaz,1,700012;1,,,1,"0,64",,,,,,,
30010,미트라(빛),해당 드래곤 획득,토파즈,topaz,250,dragon;770794;1,,,,"0,80",0.8,,1,monthly,,,
30011,베르나(빛),해당 드래곤 획득,토파즈,topaz,250,dragon;770834;1,,,,"0,80",0.8,,1,monthly,,,
30012,전설 강화 포인트 40개,전설 드래곤의 강화에 사용,토파즈,topaz,8,760005;40,,,1,"0,80",0.8,,,,,,
30013,겨울 여왕,누리 코스튬,토파즈,topaz,50,730204;1,,,,,,res/ui/icons/tamer/icon_nuri_winter.png,1,permanent,,,
30016,화염 기사,고니 코스튬,토파즈,topaz,50,730104;1,,,,,,res/ui/icons/tamer/icon_goni_blaze.png,1,permanent,,,
30014,썬더볼트(물),해당 드래곤 획득,토파즈,topaz,250,dragon;771122;1,,,,"0,80",0.8,,1,monthly,,,
30015,앙그라(어둠),해당 드래곤 획득,토파즈,topaz,250,dragon;770745;1,,,,"0,80",0.8,,1,monthly,,,
30017,저네르(어둠),해당 드래곤 획득,토파즈,topaz,250,dragon;771205;1,,,,"0,80",0.8,,1,monthly,,,
30018,카르나(땅),해당 드래곤 획득,토파즈,topaz,250,dragon;770451;1,,,,"0,80",0.8,,1,monthly,,,
30019,썬더볼트(빛),해당 드래곤 획득,토파즈,topaz,250,dragon;771124;1,,,,"0,80",0.8,,1,monthly,,,
30020,아실리(빛),해당 드래곤 획득,토파즈,topaz,250,dragon;771494;1,,,,"0,80",0.8,,1,monthly,,,
30021,베르나(어둠),해당 드래곤 획득,토파즈,topaz,250,dragon;770835;1,,,,"0,80",0.8,,1,monthly,,,
30022,메테오라(불),해당 드래곤 획득,토파즈,topaz,250,dragon;771593;1,,,,"0,80",0.8,,1,monthly,,,
30023,아바돈(불),해당 드래곤 획득,토파즈,topaz,250,dragon;771683;1,,,,"0,80",0.8,,1,monthly,,,
30024,히프노스(물),해당 드래곤 획득,토파즈,topaz,250,dragon;771692;1,,,,"0,80",0.8,,1,monthly,,,
30025,아르주나(빛),해당 드래곤 획득,토파즈,topaz,90,dragon;770444;1,,,,"0,80",0.8,,1,monthly,,,
30026,카르나(빛),해당 드래곤 획득,토파즈,topaz,250,dragon;770454;1,,,,"0,80",0.8,,1,monthly,,,
30027,미트라(땅),해당 드래곤 획득,토파즈,topaz,250,dragon;770791;1,,,,"0,80",0.8,,1,monthly,,,
30030,절대적인 전설의 알,"전설의 알 중에서도 고귀한 느낌의 알로, {@YELLOW}5등급 한정 드래곤{@DEFAULT}을 얻을 수 있다고 한다.",토파즈,topaz,150,703025;1,,,,"0,80",0.8,,1,monthly,,,
30042,전설 특성 재료,특성 레벨업 시 전설 등급 드래곤을 대신해 사용할 수 있는 재료,토파즈,topaz,50,741041;1,,,,"0,80",0.8,,1,monthly,,,
40001,환상의 알,"★3~5 드래곤 부화
(한정 드래곤 포함)",마일리지,mileage,50,egg;703004;1,,,1,,,,,,,,
40002,기적의 알,"★4 드래곤 부화
(한정 드래곤 포함)",마일리지,mileage,170,egg;703002;1,,,1,,,,,,,,
40003,고대의 알,★4~5 드래곤 부화,마일리지,mileage,260,egg;703019;1,,,1,,,,,,,,
40004,초월의 알,"★4~5 드래곤 부화
(한정 드래곤 포함)",마일리지,mileage,700,egg;703003;1,,,1,,,,,,,,
40005,전설의 알,★5 드래곤 부화,마일리지,mileage,1500,egg;703005;1,,,1,,,,,,,,
40006,빛나는 전설의 알 1개,"★5 드래곤 부화
(한정 드래곤 포함)",마일리지,mileage,4000,egg;703001;1,,,1,,,,1,monthly,,,
50001,수호의 알,★3~5 방어형 드래곤 부화,명예,honor,180,egg;703012;1,,,1,,,,,,,,
50002,맹수의 알,★3~5 공격형 드래곤 부화,명예,honor,180,egg;703013;1,,,1,,,,,,,,
50003,치유의 알,★3~5 회복형 드래곤 부화,명예,honor,180,egg;703014;1,,,1,,,,,,,,
50004,보호의 알,★3~5 지원형 드래곤 부화,명예,honor,180,egg;703015;1,,,1,,,,,,,,
50005,영웅의 알,★4 드래곤 부화,명예,honor,600,egg;703006;1,,,1,,,,,,,,
50006,전설 스킬 슬라임,전설 드래곤의 스킬 레벨업에 사용,명예,honor,200,779255;1,,,,"0,80",0.8,,1,weekly,,,
50007,전설 스킬 슬라임,전설 드래곤의 스킬 레벨업에 사용,명예,honor,100,779255;1,,,,"0,80",0.8,,2,weekly,period,,
50008,영웅 스킬 슬라임,영웅 드래곤의 스킬 레벨업에 사용,명예,honor,100,779245;1,,,,"0,80",0.8,,2,weekly,,,
50009,희귀 스킬 슬라임,희귀 드래곤의 스킬 레벨업에 사용,명예,honor,50,779235;1,,,,"0,80",0.8,,3,weekly,,,
250010,영웅 강화 포인트 160개,영웅 드래곤의 강화에 사용,명예,honor,150,760004;160,,,1,"0,80",0.8,,2,monthly,,,
250011,전설 강화 포인트 40개,전설 드래곤의 강화에 사용,명예,honor,200,760005;40,,,1,"0,80",0.8,,4,monthly,,,
250012,캡슐 코인,캡슐 뽑기를 할 수 있는 코인,명예,honor,200,700012;1,,,1,,,,1,weekly,,,
250013,빛나는 전설의 알,"★5 드래곤 부화
(한정 드래곤 포함)",명예,honor,1500,egg;703001;1,,,,"0,64",,,1,monthly,,,
250014,환상의 알,"★3~5 드래곤 부화
(한정 드래곤 포함)",명예,honor,200,egg;703004;1,,,1,,,,,,,,
60001,날개 100개,blank,소모품,fp,300,staminas_st;100,,,1,"0,46",,res/ui/icons/item/shop_staminas_st_02.png,,,,,
70001,선물상자,동영상 광고를 시청 시 보상 획득,소모품,advertising,,,,,,,,res/ui/icons/item/gift_box.png,,,,,
100001,"빙하고룡(물) 
인연포인트 10개",blank,고대주화,ancient,60,relation_point;760102;10,,,1,"0,80",,,,,,,
100002,"토템드래곤(땅) 
인연포인트 10개",blank,고대주화,ancient,60,relation_point;760651;10,,,1,"0,80",,,,,,,
100003,"블랙퀸(불) 
인연포인트 10개",blank,고대주화,ancient,60,relation_point;760623;10,,,1,"0,80",,,,,,,
100004,"에일리언드래곤(빛) 
인연포인트 10개",blank,고대주화,ancient,12,relation_point;760174;10,,,1,"0,80",,,,,,,
100005,"페어리드래곤(어둠) 
인연포인트 10개",blank,고대주화,ancient,12,relation_point;760115;10,,,1,"0,80",,,,,,,
60002,체력 세트 룬(5~6),★5~6 룬 획득,클랜코인,clancoin,140,rune;704041;1,,,,,,res/ui/icons/rune/set_yellow_06.png,1,weekly,,,
60003,기회 세트 룬(5~6),★5~6 룬 획득,클랜코인,clancoin,140,rune;704042;1,,,,,,res/ui/icons/rune/set_purple_06.png,1,weekly,,,
60004,적중 세트 룬(5~6),★5~6 룬 획득,클랜코인,clancoin,140,rune;704043;1,,,,,,res/ui/icons/rune/set_green_06.png,1,weekly,,,
60005,견고 세트 룬(5~6),★5~6 룬 획득,클랜코인,clancoin,140,rune;704044;1,,,,,,res/ui/icons/rune/set_orange_06.png,1,weekly,,,
60006,저항 세트 룬(5~6),★5~6 룬 획득,클랜코인,clancoin,140,rune;704045;1,,,,,,res/ui/icons/rune/set_bluegreen_06.png,1,weekly,,,
60007,강렬 세트 룬(5~6),★5~6 룬 획득,클랜코인,clancoin,140,rune;704046;1,,,,,,res/ui/icons/rune/set_red_06.png,1,weekly,,,
60008,피해 세트 룬(5~6),★5~6 룬 획득,클랜코인,clancoin,140,rune;704047;1,,,,,,res/ui/icons/rune/set_pink_06.png,1,weekly,,,
60009,쾌속 세트 룬(5~6),★5~6 룬 획득,클랜코인,clancoin,140,rune;704048;1,,,,,,res/ui/icons/rune/set_blue_06.png,1,weekly,,,
60010,전설 스킬 슬라임,전설 드래곤의 스킬 레벨업에 사용,클랜코인,clancoin,100,779255;1,,,,"0,80",0.8,,1,weekly,,,
60011,날개 80개,blank,클랜코인,clancoin,40,staminas_st;80,,,,,,res/ui/icons/item/shop_staminas_st_01.png,,,,,
60012,절대적인 전설의 알,★5 전설 한정 드래곤 부화,클랜코인,clancoin,1600,egg;703025;1,,,,"0,64",,,2,monthly,,,
60013,전설 강화 포인트 160개,전설 드래곤의 강화에 사용,클랜코인,clancoin,400,760005;160,,,,"0,80",0.8,,2,monthly,,,
60014,영웅 강화 포인트 160개,영웅 드래곤의 강화에 사용,클랜코인,clancoin,100,760004;160,,,,"0,80",0.8,,2,monthly,,,
60015,신화 스킬 슬라임,신화 드래곤의 스킬 레벨업에 사용,클랜코인,clancoin,3000,779265;1,,,,"0,80",0.8,,1,monthly,,,
80001,절대적인 전설의 알,★5 전설 한정 드래곤 부화,용맹훈장,valor,1000,egg;703025;1,,,,,,,1,monthly,,,
80002,전설 드래곤 선택권,★5 전설 드래곤 선택,용맹훈장,valor,1200,,700304;1,,,,,,1,monthly,,,
80003,영웅 드래곤 선택권,★4 영웅 드래곤 선택,용맹훈장,valor,200,,700306;1,,,,,,1,daily,,,
80004,캡슐코인,캡슐 뽑기를 할 수 있는 코인,용맹훈장,valor,15,700012;1,,,,,,,10,weekly,,,
80005,망각의 서,특성 스킬 초기화에 사용,용맹훈장,valor,1,700015;1,,,1,,,,,,,,
80006,용맹 코스튬 세트,최강의 테이머에게 주어지는 특별 코스튬 세트,용맹훈장,valor,1000,"730103;1,730203;1,730304;1,730405;1,730503;1,730603;1",,,,,,ui/icons/item/costume_set_0101.png,1,permanent,,,
70002,절대적인 전설의 알,★5 전설 한정 드래곤 부화,용맹훈장,valor,550,egg;703025;1,,,,,,,1,monthly,,,
70003,전설 드래곤 선택권,★5 전설 드래곤 선택,용맹훈장,valor,500,,700304;1,,,,,,1,monthly,,,
70004,영웅 드래곤 선택권,★4 영웅 드래곤 선택,용맹훈장,valor,15,,700306;1,,,,,,1,daily,,,
70005,승리의 3번 훈장,용맹훈장 룬,용맹훈장,valor,1000,,750037;1,,,,,,1,permanent,,,
70006,역습의 4번 훈장,용맹훈장 룬,용맹훈장,valor,1000,,750047;1,,,,,,1,permanent,,,
211001,소악마 인스트리아,소악마 인스트리아 스킨,스킨,cash,86000,,731001;1,,,,,res/ui/icons/cha/instria_dark_03.png,1,permanent,,,
211002,소악마 인스트리아,소악마 인스트리아 스킨,스킨,cash,41280,,731001;1,,,,,res/ui/icons/cha/instria_dark_03.png,1,permanent,sale,,
211003,핏빛 엔비,핏빛 엔비 스킨,스킨,cash,86000,,731011;1,,,,,res/ui/icons/cha/envy_fire_03.png,1,permanent,,,
211004,핏빛 엔비,핏빛 엔비 스킨,스킨,cash,41280,,731011;1,,,,,res/ui/icons/cha/envy_fire_03.png,1,permanent,sale,,
211005,백야의 지배자 데스락,백야의 지배자 데스락 스킨,스킨,cash,86000,,731021;1,,,,,res/ui/icons/cha/deathlock_light_03.png,1,permanent,,,
211006,백야의 지배자 데스락,백야의 지배자 데스락 스킨,스킨,cash,41280,,731021;1,,,,,res/ui/icons/cha/deathlock_light_03.png,1,permanent,sale,,
211007,물의 요정 오베론,물의 요정 오베론 스킨,스킨,cash,86000,,731031;1,,,,,res/ui/icons/cha/orberon_water_03.png,1,permanent,,,
211008,물의 요정 오베론,물의 요정 오베론 스킨,스킨,cash,41280,,731031;1,,,,,res/ui/icons/cha/orberon_water_03.png,1,permanent,sale,,
211009,황금 날개 라루스,황금 날개 라루스 스킨,스킨,cash,86000,,731041;1,,,,,res/ui/icons/cha/larus_light_03.png,1,permanent,,,
211010,황금 날개 라루스,황금 날개 라루스 스킨,스킨,cash,41280,,731041;1,,,,,res/ui/icons/cha/larus_light_03.png,1,permanent,sale,,
211011,봄의 기사 카스티타스,봄의 기사 카스티타스 스킨,스킨,cash,86000,,731051;1,,,,,res/ui/icons/cha/castitas_light_03.png,1,permanent,,,
211012,봄의 기사 카스티타스,봄의 기사 카스티타스 스킨,스킨,cash,41280,,731051;1,,,,,res/ui/icons/cha/castitas_light_03.png,1,permanent,sale,,
211013,거울 세상 밀라타스,거울 세상 밀라타스 스킨,스킨,cash,86000,,731061;1,,,,,res/ui/icons/cha/milatas_light_03.png,1,permanent,,,
211014,거울 세상 밀라타스,거울 세상 밀라타스 스킨,스킨,cash,41280,,731061;1,,,,,res/ui/icons/cha/milatas_light_03.png,1,permanent,sale,,
211015,지옥의 왕 프라이드,지옥의 왕 프라이드 스킨,스킨,cash,86000,,731071;1,,,,,res/ui/icons/cha/pride_fire_03.png,1,permanent,,,
211016,지옥의 왕 프라이드,지옥의 왕 프라이드 스킨,스킨,cash,41280,,731071;1,,,,,res/ui/icons/cha/pride_fire_03.png,1,permanent,sale,,
311001,태초의 빛 소환권 1개,,스토리 던전 이벤트,token_story_dungeon,100,700822;1,,,1,,,,10,daily,hot,,
311002,태초의 빛 소환권 1개,,스토리 던전 이벤트,token_story_dungeon,200,700822;1,,,1,,,,200,permanent,,,
311003,빛의 검 2번 룬 1개,,스토리 던전 이벤트,token_story_dungeon,5000,750027;1,,,,,,,1,permanent,,,
311004,★7 강렬룬 1개,,스토리 던전 이벤트,token_story_dungeon,100,rune;704126;1,,,1,,,,5,permanent,,,
311005,상급 진화의 보석 100개,,스토리 던전 이벤트,token_story_dungeon,7,701013;100,,,1,,,,10,permanent,,,
311006,최상급 진화의 보석 100개,,스토리 던전 이벤트,token_story_dungeon,40,701014;100,,,1,,,,10,permanent,,,
311007,중급 빛의 정기 100개,,스토리 던전 이벤트,token_story_dungeon,1,701142;100,,,1,,,,10,permanent,,,
311008,상급 빛의 정기 100개,,스토리 던전 이벤트,token_story_dungeon,7,701143;100,,,1,,,,10,permanent,,,
311009,최상급 빛의 정기 100개,,스토리 던전 이벤트,token_story_dungeon,40,701144;100,,,1,,,,10,permanent,,,
311010,최상급 빛의 열매 100개,,스토리 던전 이벤트,token_story_dungeon,5,702044;100,,,1,,,,10,permanent,,,
311011,드래곤 경험치 20000개,,스토리 던전 이벤트,token_story_dungeon,1,700017;20000,,,1,,,,,permanent,,,
311012,골드 100000개,,스토리 던전 이벤트,token_story_dungeon,5,700002;100000,,,1,,,,300,permanent,,,
311013,룬 연마석 20개,,스토리 던전 이벤트,token_story_dungeon,15,704900;20,,,1,,,,100,permanent,,,
311014,전설 스킬 슬라임 1개,,스토리 던전 이벤트,token_story_dungeon,200,779215;1,,,1,,,,12,permanent,,,
311015,전설 특성 재료 1개,,스토리 던전 이벤트,token_story_dungeon,1500,741041;1,,,1,,,,10,permanent,,,
311016,전설 강화 포인트 160개,,스토리 던전 이벤트,token_story_dungeon,1000,760005;160,,,1,,,,6,permanent,,,
311017,아모르의 서 100개,,스토리 던전 이벤트,token_story_dungeon,100,700014;100,,,1,,,,100,permanent,,,
311018,파멸의 어둠 소환권 1개,,스토리 던전 이벤트,token_story_dungeon,100,700822;1,,,1,,,,10,daily,hot,,
311019,파멸의 어둠 소환권 1개,,스토리 던전 이벤트,token_story_dungeon,200,700822;1,,,1,,,,200,permanent,,,
311020,아오라의 목걸이 4번 룬 1개,,스토리 던전 이벤트,token_story_dungeon,5000,750147;1,,,,,,,1,permanent,,,
311021,★7 피해룬 1개,,스토리 던전 이벤트,token_story_dungeon,100,rune;704127;1,,,1,,,,5,permanent,,,
311022,상급 진화의 보석 100개,,스토리 던전 이벤트,token_story_dungeon,7,701013;100,,,1,,,,10,permanent,,,
311023,최상급 진화의 보석 100개,,스토리 던전 이벤트,token_story_dungeon,40,701014;100,,,1,,,,10,permanent,,,
311024,중급 어둠의 정기 100개,,스토리 던전 이벤트,token_story_dungeon,1,701152;100,,,1,,,,10,permanent,,,
311025,상급 어둠의 정기 100개,,스토리 던전 이벤트,token_story_dungeon,7,701153;100,,,1,,,,10,permanent,,,
311026,최상급 어둠의 정기 100개,,스토리 던전 이벤트,token_story_dungeon,40,701154;100,,,1,,,,10,permanent,,,
311027,최상급 어둠의 열매 100개,,스토리 던전 이벤트,token_story_dungeon,5,702045;100,,,1,,,,10,permanent,,,
311028,드래곤 경험치 20000개,,스토리 던전 이벤트,token_story_dungeon,1,700017;20000,,,1,,,,,permanent,,,
311029,골드 100000개,,스토리 던전 이벤트,token_story_dungeon,5,700002;100000,,,1,,,,300,permanent,,,
311030,룬 연마석 20개,,스토리 던전 이벤트,token_story_dungeon,15,704900;20,,,1,,,,100,permanent,,,
311031,전설 스킬 슬라임 1개,,스토리 던전 이벤트,token_story_dungeon,200,779215;1,,,1,,,,12,permanent,,,
311032,전설 특성 재료 1개,,스토리 던전 이벤트,token_story_dungeon,1500,741041;1,,,1,,,,10,permanent,,,
311033,전설 강화 포인트 160개,,스토리 던전 이벤트,token_story_dungeon,1000,760005;160,,,1,,,,6,permanent,,,
311034,아모르의 서 100개,,스토리 던전 이벤트,token_story_dungeon,100,700014;100,,,1,,,,100,permanent,,,
311035,전율의 번개 소환권 1개,,스토리 던전 이벤트,token_story_dungeon,100,700822;1,,,1,,,,10,daily,hot,,
311036,전율의 번개 소환권 1개,,스토리 던전 이벤트,token_story_dungeon,200,700822;1,,,1,,,,200,permanent,,,
311037,테일러의 암즈 6번 룬 1개,,스토리 던전 이벤트,token_story_dungeon,5000,rune;750167;1,,,,,,,1,permanent,,,
311038,★7 피해룬 1개,,스토리 던전 이벤트,token_story_dungeon,100,rune;704127;1,,,1,,,,5,permanent,,,
311039,상급 진화의 보석 100개,,스토리 던전 이벤트,token_story_dungeon,7,701013;100,,,1,,,,10,permanent,,,
311040,최상급 진화의 보석 100개,,스토리 던전 이벤트,token_story_dungeon,40,701014;100,,,1,,,,10,permanent,,,
311041,중급 불의 정기 100개,,스토리 던전 이벤트,token_story_dungeon,1,701132;100,,,1,,,,10,permanent,,,
311042,상급 불의 정기 100개,,스토리 던전 이벤트,token_story_dungeon,7,701133;100,,,1,,,,10,permanent,,,
311043,최상급 불의 정기 100개,,스토리 던전 이벤트,token_story_dungeon,40,701134;100,,,1,,,,10,permanent,,,
311044,최상급 불의 열매 100개,,스토리 던전 이벤트,token_story_dungeon,5,702043;100,,,1,,,,10,permanent,,,
311045,드래곤 경험치 20000개,,스토리 던전 이벤트,token_story_dungeon,1,700017;20000,,,1,,,,,permanent,,,
311046,골드 100000개,,스토리 던전 이벤트,token_story_dungeon,5,700002;100000,,,1,,,,300,permanent,,,
311047,룬 연마석 20개,,스토리 던전 이벤트,token_story_dungeon,15,704900;20,,,1,,,,100,permanent,,,
311048,전설 스킬 슬라임 1개,,스토리 던전 이벤트,token_story_dungeon,200,779215;1,,,1,,,,12,permanent,,,
311049,전설 특성 재료 1개,,스토리 던전 이벤트,token_story_dungeon,1500,741041;1,,,1,,,,10,permanent,,,
311050,전설 강화 포인트 160개,,스토리 던전 이벤트,token_story_dungeon,1000,760005;160,,,1,,,,6,permanent,,,
311051,아모르의 서 100개,,스토리 던전 이벤트,token_story_dungeon,100,700014;100,,,1,,,,100,permanent,,,
420001,인기 신화 드래곤 선택권,,인기 신화 드래곤 확률업 이벤트,event_popularity_mileage,300,,700372;1,,,,,,,permanent,,,
430001,7등급 룬 세트 선택권(일반/부 옵션 확정),,룬 천장 뽑기 상자 보상,rune_mileage,10,,700708;1,,,,,,,permanent,,,
430002,7등급 룬 세트 선택권(고대/부 옵션 확정),,룬 천장 뽑기 상자 보상,rune_ancient_mileage,10,,700709;1,,,,,,,permanent,,,